,precision,recall,f1_score
A,0.7692307692307693,0.6666666666666666,0.7142857142857142
B,0.8,0.8275862068965517,0.8135593220338982
C,0.8076923076923077,0.6774193548387096,0.7368421052631579
D,0.6875,0.8148148148148148,0.7457627118644067
E,0.7407407407407407,0.7142857142857143,0.7272727272727273
F,0.7407407407407407,0.7407407407407407,0.7407407407407407
G,0.5714285714285714,0.6666666666666666,0.6153846153846153
