,precision,recall,f1_score
A,0.6097560975609756,0.78125,0.684931506849315
B,0.6842105263157895,0.5652173913043478,0.6190476190476191
C,0.6363636363636364,0.8076923076923077,0.7118644067796609
D,0.6521739130434783,0.5769230769230769,0.6122448979591837
E,0.5185185185185185,0.5185185185185185,0.5185185185185185
F,0.7941176470588235,0.675,0.7297297297297296
G,0.5789473684210527,0.5,0.5365853658536586
