,precision,recall,f1_score
A,0.68,0.6071428571428571,0.6415094339622641
B,0.9,0.8181818181818182,0.8571428571428572
C,0.78125,0.7575757575757576,0.7692307692307692
D,0.7142857142857143,0.6521739130434783,0.6818181818181819
E,0.68,0.7083333333333334,0.6938775510204083
F,0.7096774193548387,0.8461538461538461,0.7719298245614036
G,0.625,0.6896551724137931,0.6557377049180328
