,precision,recall,f1_score
A,0.5555555555555556,0.5,0.5263157894736842
B,0.8333333333333334,0.6896551724137931,0.7547169811320755
C,0.72,0.5806451612903226,0.6428571428571428
D,0.5128205128205128,0.7407407407407407,0.6060606060606061
E,0.5428571428571428,0.6785714285714286,0.603174603174603
F,0.5925925925925926,0.5925925925925926,0.5925925925925926
G,0.5789473684210527,0.4583333333333333,0.5116279069767442
