,precision,recall,f1_score
A,0.6071428571428571,0.6071428571428571,0.6071428571428571
B,0.90625,0.8787878787878788,0.8923076923076922
C,0.8181818181818182,0.8181818181818182,0.8181818181818182
D,0.6071428571428571,0.7391304347826086,0.6666666666666666
E,0.64,0.6666666666666666,0.6530612244897959
F,0.7407407407407407,0.7692307692307693,0.7547169811320754
G,0.8260869565217391,0.6551724137931034,0.7307692307692308
