,precision,recall,f1_score
A,0.6046511627906976,0.8125,0.6933333333333334
B,0.5833333333333334,0.6086956521739131,0.5957446808510638
C,0.76,0.7307692307692307,0.7450980392156863
D,0.75,0.5769230769230769,0.6521739130434783
E,0.5925925925925926,0.5925925925925926,0.5925925925925926
F,0.7714285714285715,0.675,0.72
G,0.6363636363636364,0.6363636363636364,0.6363636363636364
