,precision,recall,f1_score
A,0.5384615384615384,0.6086956521739131,0.5714285714285715
B,0.5833333333333334,0.6363636363636364,0.6086956521739131
C,0.7083333333333334,0.5862068965517241,0.6415094339622641
D,0.5454545454545454,0.42857142857142855,0.4799999999999999
E,0.6086956521739131,0.5185185185185185,0.5599999999999999
F,0.6410256410256411,0.7575757575757576,0.6944444444444444
G,0.47368421052631576,0.5294117647058824,0.5
