,precision,recall,f1_score
A,0.45,0.5625,0.5
B,0.5238095238095238,0.6111111111111112,0.5641025641025642
C,0.7857142857142857,0.8461538461538461,0.8148148148148148
D,0.5454545454545454,0.5714285714285714,0.5581395348837208
E,0.4,0.2857142857142857,0.3333333333333333
F,0.5217391304347826,0.6,0.5581395348837209
G,1.0,0.4,0.5714285714285715
