,precision,recall,f1_score
A,0.75,0.7272727272727273,0.7384615384615384
B,0.7586206896551724,0.7857142857142857,0.7719298245614034
C,0.76,0.9047619047619048,0.8260869565217391
D,0.875,0.7241379310344828,0.7924528301886793
E,0.6666666666666666,0.7586206896551724,0.7096774193548386
F,0.782608695652174,0.6923076923076923,0.7346938775510203
G,0.7333333333333333,0.7333333333333333,0.7333333333333333
