,precision,recall,f1_score
A,0.625,0.6,0.6122448979591836
B,0.9142857142857143,0.8,0.8533333333333333
C,0.9259259259259259,0.7575757575757576,0.8333333333333334
D,0.5454545454545454,0.6,0.5714285714285713
E,0.5135135135135135,0.8636363636363636,0.6440677966101694
F,0.7142857142857143,0.7575757575757576,0.7352941176470589
G,0.8125,0.5652173913043478,0.6666666666666667
