,precision,recall,f1_score
A,0.6923076923076923,0.6428571428571429,0.6666666666666666
B,0.8387096774193549,0.7878787878787878,0.8125
C,0.875,0.6363636363636364,0.7368421052631579
D,0.5714285714285714,0.6956521739130435,0.6274509803921569
E,0.7037037037037037,0.7916666666666666,0.7450980392156864
F,0.5925925925925926,0.6153846153846154,0.6037735849056604
G,0.696969696969697,0.7931034482758621,0.7419354838709677
