,precision,recall,f1_score
A,0.782608695652174,0.6,0.6792452830188679
B,0.7878787878787878,0.896551724137931,0.8387096774193549
C,0.9166666666666666,0.7096774193548387,0.7999999999999999
D,0.7407407407407407,0.7407407407407407,0.7407407407407407
E,0.6333333333333333,0.6785714285714286,0.6551724137931035
F,0.7,0.7777777777777778,0.7368421052631577
G,0.4827586206896552,0.5833333333333334,0.5283018867924529
