,precision,recall,f1_score
A,0.85,0.7391304347826086,0.7906976744186046
B,0.95,0.8260869565217391,0.8837209302325583
C,1.0,0.8,0.888888888888889
D,0.7297297297297297,0.84375,0.7826086956521738
E,0.6428571428571429,0.6923076923076923,0.6666666666666666
F,0.7777777777777778,0.875,0.823529411764706
G,0.6944444444444444,0.7575757575757576,0.7246376811594203
