,precision,recall,f1_score
A,0.72,0.5454545454545454,0.6206896551724138
B,0.6842105263157895,0.8666666666666667,0.7647058823529413
C,0.6666666666666666,0.8181818181818182,0.7346938775510203
D,0.7407407407407407,0.7692307692307693,0.7547169811320754
E,0.45161290322580644,0.56,0.5
F,0.6666666666666666,0.6428571428571429,0.6545454545454545
G,0.6666666666666666,0.4375,0.5283018867924528
