,precision,recall,f1_score
A,0.8095238095238095,0.7391304347826086,0.7727272727272727
B,0.8695652173913043,0.8695652173913043,0.8695652173913043
C,0.8484848484848485,0.8,0.823529411764706
D,0.6511627906976745,0.875,0.7466666666666667
E,0.7307692307692307,0.7307692307692307,0.7307692307692306
F,0.8571428571428571,0.75,0.7999999999999999
G,0.7931034482758621,0.696969696969697,0.7419354838709677
