,precision,recall,f1_score
A,0.6551724137931034,0.8260869565217391,0.7307692307692308
B,0.9047619047619048,0.8260869565217391,0.8636363636363636
C,0.7878787878787878,0.7428571428571429,0.7647058823529412
D,0.896551724137931,0.8125,0.8524590163934426
E,0.6153846153846154,0.6153846153846154,0.6153846153846154
F,0.8461538461538461,0.9166666666666666,0.8799999999999999
G,0.8125,0.7878787878787878,0.8
