,precision,recall,f1_score
A,0.7727272727272727,0.6538461538461539,0.7083333333333333
B,0.782608695652174,0.72,0.7499999999999999
C,0.8,0.8275862068965517,0.8135593220338982
D,0.6206896551724138,0.5454545454545454,0.5806451612903226
E,0.5428571428571428,0.7916666666666666,0.6440677966101694
F,0.68,0.7727272727272727,0.7234042553191491
G,0.78125,0.6756756756756757,0.7246376811594203
