,precision,recall,f1_score
A,0.6956521739130435,0.6956521739130435,0.6956521739130435
B,0.8095238095238095,0.7391304347826086,0.7727272727272727
C,0.9,0.7714285714285715,0.8307692307692307
D,0.7714285714285715,0.84375,0.8059701492537314
E,0.7307692307692307,0.7307692307692307,0.7307692307692306
F,0.782608695652174,0.75,0.7659574468085107
G,0.7894736842105263,0.9090909090909091,0.8450704225352113
