,precision,recall,f1_score
A,0.8095238095238095,0.7391304347826086,0.7727272727272727
B,0.8695652173913043,0.8695652173913043,0.8695652173913043
C,0.9166666666666666,0.6285714285714286,0.7457627118644068
D,0.7317073170731707,0.9375,0.821917808219178
E,0.5862068965517241,0.6538461538461539,0.6181818181818182
F,0.75,0.75,0.75
G,0.7352941176470589,0.7575757575757576,0.746268656716418
