,precision,recall,f1_score
A,0.6153846153846154,0.75,0.676056338028169
B,0.7647058823529411,0.5652173913043478,0.65
C,0.8518518518518519,0.8846153846153846,0.8679245283018868
D,0.59375,0.7307692307692307,0.6551724137931033
E,0.6363636363636364,0.5185185185185185,0.5714285714285714
F,0.7368421052631579,0.7,0.717948717948718
G,0.7142857142857143,0.6818181818181818,0.6976744186046512
