,precision,recall,f1_score
A,0.6666666666666666,0.7272727272727273,0.6956521739130435
B,0.7894736842105263,0.625,0.6976744186046512
C,0.8,0.7058823529411765,0.7500000000000001
D,0.5714285714285714,0.8,0.6666666666666666
E,0.65,0.52,0.5777777777777778
F,0.56,0.5833333333333334,0.5714285714285714
G,0.6129032258064516,0.6129032258064516,0.6129032258064516
