,precision,recall,f1_score
A,0.85,0.7391304347826086,0.7906976744186046
B,0.8636363636363636,0.8260869565217391,0.8444444444444444
C,0.8928571428571429,0.7142857142857143,0.7936507936507937
D,0.6857142857142857,0.75,0.7164179104477612
E,0.6111111111111112,0.8461538461538461,0.7096774193548387
F,0.76,0.7916666666666666,0.7755102040816326
G,0.7,0.6363636363636364,0.6666666666666666
