,precision,recall,f1_score
A,0.84,0.65625,0.736842105263158
B,0.7931034482758621,0.8214285714285714,0.8070175438596492
C,0.7741935483870968,0.7741935483870968,0.7741935483870968
D,0.6060606060606061,0.6666666666666666,0.6349206349206349
E,0.6785714285714286,0.76,0.7169811320754718
F,0.5714285714285714,0.5714285714285714,0.5714285714285714
G,0.6551724137931034,0.6551724137931034,0.6551724137931034
