,precision,recall,f1_score
A,0.68,0.7727272727272727,0.7234042553191491
B,0.7,0.8076923076923077,0.75
C,0.8888888888888888,0.75,0.8135593220338982
D,0.6956521739130435,0.6956521739130435,0.6956521739130435
E,0.6666666666666666,0.7096774193548387,0.6875
F,0.8666666666666667,0.7878787878787878,0.8253968253968254
G,0.7857142857142857,0.7586206896551724,0.7719298245614034
