,precision,recall,f1_score
A,0.40540540540540543,0.6521739130434783,0.5
B,0.5,0.43478260869565216,0.46511627906976744
C,0.8064516129032258,0.7142857142857143,0.7575757575757576
D,0.6785714285714286,0.59375,0.6333333333333334
E,0.6,0.34615384615384615,0.43902439024390244
F,0.45,0.75,0.5625000000000001
G,0.72,0.5454545454545454,0.6206896551724138
