,precision,recall,f1_score
A,0.09090909090909091,0.0625,0.07407407407407407
B,0.0,0.0,0.0
C,0.2184873949579832,1.0,0.3586206896551724
D,0.0,0.0,0.0
E,0.0,0.0,0.0
F,0.0,0.0,0.0
G,0.0,0.0,0.0
