,precision,recall,f1_score
A,0.7857142857142857,0.6875,0.7333333333333334
B,0.5517241379310345,0.6956521739130435,0.6153846153846154
C,0.7575757575757576,0.9615384615384616,0.8474576271186441
D,0.7407407407407407,0.7692307692307693,0.7547169811320754
E,0.65,0.48148148148148145,0.553191489361702
F,0.7575757575757576,0.625,0.6849315068493151
G,0.5384615384615384,0.6363636363636364,0.5833333333333334
