,precision,recall,f1_score
A,0.8,0.625,0.7017543859649122
B,0.6111111111111112,0.7586206896551724,0.676923076923077
C,0.782608695652174,0.75,0.7659574468085107
D,0.6,0.8076923076923077,0.6885245901639345
E,0.7037037037037037,0.6333333333333333,0.6666666666666667
F,0.7272727272727273,0.48484848484848486,0.5818181818181818
G,0.6071428571428571,0.7727272727272727,0.68
