,precision,recall,f1_score
A,0.59375,0.8260869565217391,0.6909090909090908
B,0.8888888888888888,0.6956521739130435,0.7804878048780488
C,0.7272727272727273,0.6857142857142857,0.7058823529411764
D,0.78125,0.78125,0.78125
E,0.7272727272727273,0.6153846153846154,0.6666666666666667
F,0.7096774193548387,0.9166666666666666,0.7999999999999999
G,0.8214285714285714,0.696969696969697,0.7540983606557378
