,precision,recall,f1_score
A,0.5833333333333334,0.6363636363636364,0.6086956521739131
B,0.9285714285714286,0.7878787878787878,0.8524590163934426
C,0.9090909090909091,0.8333333333333334,0.8695652173913043
D,0.7368421052631579,0.6086956521739131,0.6666666666666666
E,0.6666666666666666,0.7096774193548387,0.6875
F,0.6666666666666666,0.8571428571428571,0.75
G,0.6176470588235294,0.6,0.608695652173913
