,precision,recall,f1_score
A,0.6,0.782608695652174,0.6792452830188679
B,0.75,0.6521739130434783,0.6976744186046512
C,0.8620689655172413,0.7142857142857143,0.7812500000000001
D,0.6764705882352942,0.71875,0.696969696969697
E,0.6190476190476191,0.5,0.5531914893617021
F,0.6,0.625,0.6122448979591836
G,0.5675675675675675,0.6363636363636364,0.6000000000000001
