,precision,recall,f1_score
A,0.8181818181818182,0.782608695652174,0.8
B,0.8260869565217391,0.8260869565217391,0.8260869565217391
C,0.7714285714285715,0.7714285714285715,0.7714285714285715
D,0.6923076923076923,0.84375,0.7605633802816902
E,0.8181818181818182,0.6923076923076923,0.7500000000000001
F,0.7096774193548387,0.9166666666666666,0.7999999999999999
G,0.875,0.6363636363636364,0.7368421052631579
