,precision,recall,f1_score
A,0.8181818181818182,0.6428571428571429,0.7200000000000001
B,0.7941176470588235,0.8181818181818182,0.8059701492537314
C,0.88,0.6666666666666666,0.7586206896551725
D,0.7142857142857143,0.6521739130434783,0.6818181818181819
E,0.5405405405405406,0.8333333333333334,0.6557377049180328
F,0.9047619047619048,0.7307692307692307,0.8085106382978723
G,0.6111111111111112,0.7586206896551724,0.676923076923077
