,precision,recall,f1_score
A,0.5862068965517241,0.7391304347826086,0.6538461538461539
B,1.0,0.8260869565217391,0.9047619047619047
C,0.8125,0.7428571428571429,0.7761194029850748
D,0.9230769230769231,0.75,0.8275862068965517
E,0.75,0.5769230769230769,0.6521739130434783
F,0.6206896551724138,0.75,0.679245283018868
G,0.6341463414634146,0.7878787878787878,0.7027027027027027
