,precision,recall,f1_score
A,0.7272727272727273,0.6153846153846154,0.6666666666666667
B,0.8076923076923077,0.75,0.7777777777777779
C,0.7391304347826086,0.7083333333333334,0.723404255319149
D,0.7428571428571429,0.7428571428571429,0.7428571428571429
E,0.48484848484848486,0.7619047619047619,0.5925925925925926
F,0.75,0.7777777777777778,0.7636363636363638
G,0.7931034482758621,0.6571428571428571,0.71875
