,precision,recall,f1_score
A,0.5833333333333334,0.6086956521739131,0.5957446808510638
B,0.6666666666666666,0.6451612903225806,0.6557377049180327
C,0.7142857142857143,0.6756756756756757,0.6944444444444444
D,0.6,0.5454545454545454,0.5714285714285713
E,0.5789473684210527,0.44,0.5
F,0.5714285714285714,0.5714285714285714,0.5714285714285714
G,0.4594594594594595,0.6538461538461539,0.5396825396825398
