,precision,recall,f1_score
A,0.5294117647058824,0.8181818181818182,0.6428571428571428
B,0.7941176470588235,0.8181818181818182,0.8059701492537314
C,0.7142857142857143,0.8333333333333334,0.7692307692307692
D,0.6842105263157895,0.5652173913043478,0.6190476190476191
E,0.6842105263157895,0.41935483870967744,0.5200000000000001
F,0.6333333333333333,0.6785714285714286,0.6551724137931035
G,0.71875,0.6571428571428571,0.6865671641791045
