,precision,recall,f1_score
A,0.7619047619047619,0.6666666666666666,0.7111111111111111
B,0.8484848484848485,0.7567567567567568,0.8000000000000002
C,0.6,0.96,0.7384615384615384
D,0.6666666666666666,0.7878787878787878,0.7222222222222221
E,0.7391304347826086,0.6538461538461539,0.693877551020408
F,0.8571428571428571,0.6206896551724138,0.7200000000000001
G,0.631578947368421,0.5454545454545454,0.5853658536585366
