,precision,recall,f1_score
A,0.6521739130434783,0.6521739130434783,0.6521739130434783
B,0.7,0.9130434782608695,0.7924528301886793
C,0.875,0.8,0.8358208955223881
D,0.8333333333333334,0.78125,0.8064516129032259
E,0.6551724137931034,0.7307692307692307,0.6909090909090909
F,0.8260869565217391,0.7916666666666666,0.8085106382978724
G,0.7931034482758621,0.696969696969697,0.7419354838709677
