,precision,recall,f1_score
A,0.6136363636363636,0.7941176470588235,0.6923076923076923
B,0.7741935483870968,0.7741935483870968,0.7741935483870968
C,0.7777777777777778,0.9545454545454546,0.8571428571428572
D,0.6428571428571429,0.6206896551724138,0.6315789473684211
E,0.36363636363636365,0.34782608695652173,0.3555555555555555
F,0.7586206896551724,0.7586206896551724,0.7586206896551724
G,0.8666666666666667,0.4642857142857143,0.6046511627906976
