,precision,recall,f1_score
A,0.6538461538461539,0.5666666666666667,0.6071428571428571
B,0.8275862068965517,0.8275862068965517,0.8275862068965517
C,0.9523809523809523,0.6451612903225806,0.7692307692307692
D,0.64,0.5925925925925926,0.6153846153846153
E,0.5128205128205128,0.7142857142857143,0.5970149253731343
F,0.6206896551724138,0.6666666666666666,0.6428571428571429
G,0.5925925925925926,0.6666666666666666,0.627450980392157
