,precision,recall,f1_score
A,1.0,0.8,0.888888888888889
B,1.0,0.9310344827586207,0.9642857142857143
C,1.0,1.0,1.0
D,0.9285714285714286,0.9629629629629629,0.9454545454545454
E,0.875,1.0,0.9333333333333333
F,0.9,1.0,0.9473684210526316
G,0.9583333333333334,0.9583333333333334,0.9583333333333334
