,precision,recall,f1_score
A,0.9032258064516129,0.9333333333333333,0.9180327868852459
B,1.0,1.0,1.0
C,0.96875,1.0,0.9841269841269841
D,1.0,1.0,1.0
E,0.9615384615384616,0.8928571428571429,0.9259259259259259
F,0.9642857142857143,1.0,0.9818181818181818
G,1.0,0.9583333333333334,0.9787234042553191
