,precision,recall,f1_score
A,0.9666666666666667,0.90625,0.9354838709677419
B,0.9166666666666666,0.9565217391304348,0.9361702127659574
C,1.0,0.8846153846153846,0.9387755102040816
D,0.9285714285714286,1.0,0.962962962962963
E,0.896551724137931,0.9629629629629629,0.9285714285714286
F,1.0,0.975,0.9873417721518987
G,0.9130434782608695,0.9545454545454546,0.9333333333333332
