,precision,recall,f1_score
A,1.0,0.9285714285714286,0.962962962962963
B,0.9696969696969697,0.9696969696969697,0.9696969696969697
C,0.9705882352941176,1.0,0.9850746268656716
D,0.9166666666666666,0.9565217391304348,0.9361702127659574
E,0.96,1.0,0.9795918367346939
F,0.9259259259259259,0.9615384615384616,0.9433962264150944
G,1.0,0.9310344827586207,0.9642857142857143
