,precision,recall,f1_score
A,0.9285714285714286,0.9285714285714286,0.9285714285714286
B,1.0,1.0,1.0
C,0.9705882352941176,1.0,0.9850746268656716
D,0.9130434782608695,0.9130434782608695,0.9130434782608695
E,0.9583333333333334,0.9583333333333334,0.9583333333333334
F,1.0,1.0,1.0
G,1.0,0.9655172413793104,0.9824561403508771
