,precision,recall,f1_score
A,0.9166666666666666,0.9565217391304348,0.9361702127659574
B,0.9583333333333334,1.0,0.9787234042553191
C,0.9696969696969697,0.9142857142857143,0.9411764705882354
D,1.0,0.96875,0.9841269841269841
E,0.96,0.9230769230769231,0.9411764705882353
F,1.0,1.0,1.0
G,0.9142857142857143,0.9696969696969697,0.9411764705882354
