,precision,recall,f1_score
A,0.9545454545454546,0.9130434782608695,0.9333333333333332
B,1.0,0.9565217391304348,0.9777777777777777
C,0.9696969696969697,0.9142857142857143,0.9411764705882354
D,0.9696969696969697,1.0,0.9846153846153847
E,0.8571428571428571,0.9230769230769231,0.888888888888889
F,0.96,1.0,0.9795918367346939
G,1.0,1.0,1.0
