,precision,recall,f1_score
A,0.8157894736842105,0.96875,0.8857142857142857
B,1.0,0.8695652173913043,0.9302325581395349
C,0.9130434782608695,0.8076923076923077,0.8571428571428572
D,0.9615384615384616,0.9615384615384616,0.9615384615384616
E,0.7692307692307693,0.7407407407407407,0.7547169811320754
F,0.975609756097561,1.0,0.9876543209876543
G,0.9090909090909091,0.9090909090909091,0.9090909090909091
