,precision,recall,f1_score
A,0.8571428571428571,0.9090909090909091,0.8823529411764706
B,0.875,0.875,0.875
C,1.0,0.9411764705882353,0.9696969696969697
D,1.0,0.84,0.9130434782608696
E,0.8928571428571429,1.0,0.9433962264150945
F,0.9583333333333334,0.9583333333333334,0.9583333333333334
G,0.90625,0.9354838709677419,0.9206349206349206
