,precision,recall,f1_score
A,1.0,0.9705882352941176,0.9850746268656716
B,1.0,0.9032258064516129,0.9491525423728813
C,0.9545454545454546,0.9545454545454546,0.9545454545454546
D,0.9333333333333333,0.9655172413793104,0.9491525423728815
E,1.0,0.9130434782608695,0.9545454545454545
F,0.9655172413793104,0.9655172413793104,0.9655172413793104
G,0.8484848484848485,1.0,0.9180327868852458
