,precision,recall,f1_score
A,1.0,0.782608695652174,0.878048780487805
B,0.9565217391304348,0.9565217391304348,0.9565217391304348
C,0.9696969696969697,0.9142857142857143,0.9411764705882354
D,0.96875,0.96875,0.96875
E,0.8333333333333334,0.9615384615384616,0.8928571428571429
F,1.0,1.0,1.0
G,0.8888888888888888,0.9696969696969697,0.927536231884058
