,precision,recall,f1_score
A,0.9142857142857143,1.0,0.955223880597015
B,0.9545454545454546,0.9130434782608695,0.9333333333333332
C,1.0,0.8461538461538461,0.9166666666666666
D,1.0,0.9615384615384616,0.9803921568627451
E,0.8888888888888888,0.8888888888888888,0.8888888888888888
F,0.975609756097561,1.0,0.9876543209876543
G,0.875,0.9545454545454546,0.9130434782608695
