,precision,recall,f1_score
A,0.9130434782608695,0.9130434782608695,0.9130434782608695
B,1.0,1.0,1.0
C,1.0,0.9142857142857143,0.955223880597015
D,0.9142857142857143,1.0,0.955223880597015
E,0.96,0.9230769230769231,0.9411764705882353
F,1.0,1.0,1.0
G,0.9705882352941176,1.0,0.9850746268656716
