,precision,recall,f1_score
A,0.9047619047619048,0.8260869565217391,0.8636363636363636
B,0.875,0.9130434782608695,0.8936170212765957
C,0.9705882352941176,0.9428571428571428,0.9565217391304348
D,0.9142857142857143,1.0,0.955223880597015
E,0.9230769230769231,0.9230769230769231,0.9230769230769231
F,1.0,0.9583333333333334,0.9787234042553191
G,0.9696969696969697,0.9696969696969697,0.9696969696969697
