,precision,recall,f1_score
A,1.0,1.0,1.0
B,1.0,0.9230769230769231,0.9600000000000001
C,0.9142857142857143,1.0,0.955223880597015
D,0.9583333333333334,1.0,0.9787234042553191
E,1.0,0.9354838709677419,0.9666666666666666
F,0.9428571428571428,1.0,0.9705882352941176
G,0.9629629629629629,0.896551724137931,0.9285714285714286
