,precision,recall,f1_score
A,0.95,0.8260869565217391,0.8837209302325583
B,1.0,0.9565217391304348,0.9777777777777777
C,0.9714285714285714,0.9714285714285714,0.9714285714285714
D,0.96875,0.96875,0.96875
E,0.9259259259259259,0.9615384615384616,0.9433962264150944
F,0.8888888888888888,1.0,0.9411764705882353
G,0.9393939393939394,0.9393939393939394,0.9393939393939394
