,precision,recall,f1_score
A,0.9166666666666666,0.9565217391304348,0.9361702127659574
B,1.0,0.9565217391304348,0.9777777777777777
C,0.9722222222222222,1.0,0.9859154929577464
D,1.0,0.96875,0.9841269841269841
E,0.92,0.8846153846153846,0.9019607843137256
F,1.0,0.9583333333333334,0.9787234042553191
G,0.9428571428571428,1.0,0.9705882352941176
