,precision,recall,f1_score
A,0.9696969696969697,0.9411764705882353,0.955223880597015
B,1.0,0.967741935483871,0.9836065573770492
C,0.9130434782608695,0.9545454545454546,0.9333333333333332
D,0.9333333333333333,0.9655172413793104,0.9491525423728815
E,1.0,0.9130434782608695,0.9545454545454545
F,0.9333333333333333,0.9655172413793104,0.9491525423728815
G,0.9655172413793104,1.0,0.9824561403508771
