,precision,recall,f1_score
A,1.0,0.7878787878787878,0.8813559322033898
B,1.0,0.9285714285714286,0.962962962962963
C,0.9090909090909091,0.9523809523809523,0.9302325581395349
D,0.9666666666666667,1.0,0.983050847457627
E,0.8235294117647058,0.9655172413793104,0.888888888888889
F,0.9285714285714286,1.0,0.962962962962963
G,0.9666666666666667,0.9666666666666667,0.9666666666666667
