,precision,recall,f1_score
A,1.0,0.9912280701754386,0.9955947136563876
B,1.0,1.0,1.0
C,1.0,1.0,1.0
D,1.0,0.990909090909091,0.995433789954338
E,0.9902912621359223,1.0,0.9951219512195122
F,0.9913793103448276,1.0,0.9956709956709957
G,1.0,1.0,1.0
