,precision,recall,f1_score
A,1.0,0.96875,0.9841269841269841
B,0.95,0.8260869565217391,0.8837209302325583
C,0.9583333333333334,0.8846153846153846,0.9199999999999999
D,0.9629629629629629,1.0,0.9811320754716981
E,1.0,0.9259259259259259,0.9615384615384615
F,0.9512195121951219,0.975,0.9629629629629629
G,0.75,0.9545454545454546,0.84
