,precision,recall,f1_score
A,0.896551724137931,0.8666666666666667,0.8813559322033899
B,1.0,0.9655172413793104,0.9824561403508771
C,0.967741935483871,0.967741935483871,0.967741935483871
D,0.8928571428571429,0.9259259259259259,0.9090909090909091
E,0.9642857142857143,0.9642857142857143,0.9642857142857143
F,0.9642857142857143,1.0,0.9818181818181818
G,0.9583333333333334,0.9583333333333334,0.9583333333333334
