,precision,recall,f1_score
A,0.84,0.9130434782608695,0.8749999999999999
B,0.9565217391304348,0.9565217391304348,0.9565217391304348
C,0.9696969696969697,0.9142857142857143,0.9411764705882354
D,1.0,0.9375,0.967741935483871
E,0.8518518518518519,0.8846153846153846,0.8679245283018868
F,0.9583333333333334,0.9583333333333334,0.9583333333333334
G,0.9705882352941176,1.0,0.9850746268656716
