,precision,recall,f1_score
A,1.0,0.7391304347826086,0.85
B,0.9583333333333334,1.0,0.9787234042553191
C,0.9705882352941176,0.9428571428571428,0.9565217391304348
D,0.96875,0.96875,0.96875
E,0.8064516129032258,0.9615384615384616,0.8771929824561403
F,1.0,1.0,1.0
G,0.9411764705882353,0.9696969696969697,0.955223880597015
