,precision,recall,f1_score
A,0.8928571428571429,1.0,0.9433962264150945
B,0.9714285714285714,0.85,0.9066666666666667
C,0.8857142857142857,0.9393939393939394,0.9117647058823529
D,1.0,0.9,0.9473684210526316
E,1.0,0.9545454545454546,0.9767441860465117
F,0.8378378378378378,0.9393939393939394,0.8857142857142858
G,0.9090909090909091,0.8695652173913043,0.888888888888889
