,precision,recall,f1_score
A,0.9545454545454546,0.9130434782608695,0.9333333333333332
B,0.8857142857142857,1.0,0.9393939393939393
C,1.0,0.8648648648648649,0.927536231884058
D,0.9166666666666666,1.0,0.9565217391304348
E,0.8571428571428571,0.96,0.9056603773584904
F,1.0,0.9047619047619048,0.9500000000000001
G,1.0,0.9230769230769231,0.9600000000000001
