,precision,recall,f1_score
A,0.8846153846153846,1.0,0.9387755102040816
B,0.9565217391304348,0.9565217391304348,0.9565217391304348
C,0.9705882352941176,0.9428571428571428,0.9565217391304348
D,1.0,1.0,1.0
E,0.9565217391304348,0.8461538461538461,0.8979591836734695
F,1.0,0.9583333333333334,0.9787234042553191
G,0.9428571428571428,1.0,0.9705882352941176
