,precision,recall,f1_score
A,0.9642857142857143,0.9642857142857143,0.9642857142857143
B,0.9705882352941176,1.0,0.9850746268656716
C,0.9705882352941176,1.0,0.9850746268656716
D,0.9545454545454546,0.9130434782608695,0.9333333333333332
E,0.9583333333333334,0.9583333333333334,0.9583333333333334
F,0.9629629629629629,1.0,0.9811320754716981
G,1.0,0.9310344827586207,0.9642857142857143
