,precision,recall,f1_score
A,0.7692307692307693,0.8695652173913043,0.8163265306122449
B,1.0,0.8,0.888888888888889
C,0.9,1.0,0.9473684210526316
D,0.9285714285714286,0.7878787878787878,0.8524590163934426
E,0.9523809523809523,0.8695652173913043,0.909090909090909
F,0.7619047619047619,0.9696969696969697,0.8533333333333334
G,0.9523809523809523,0.9090909090909091,0.9302325581395349
