,precision,recall,f1_score
A,1.0,0.8695652173913043,0.9302325581395349
B,1.0,0.9565217391304348,0.9777777777777777
C,0.8717948717948718,0.9714285714285714,0.9189189189189189
D,0.9411764705882353,1.0,0.9696969696969697
E,0.9615384615384616,0.9615384615384616,0.9615384615384616
F,0.96,1.0,0.9795918367346939
G,0.9666666666666667,0.8787878787878788,0.9206349206349207
