,precision,recall,f1_score
A,0.8076923076923077,0.9545454545454546,0.875
B,0.9705882352941176,1.0,0.9850746268656716
C,1.0,0.9583333333333334,0.9787234042553191
D,0.9523809523809523,0.8695652173913043,0.909090909090909
E,1.0,0.9354838709677419,0.9666666666666666
F,0.9310344827586207,0.9642857142857143,0.9473684210526316
G,1.0,0.9714285714285714,0.9855072463768115
