,precision,recall,f1_score
A,0.9354838709677419,0.8787878787878788,0.90625
B,0.9655172413793104,0.9333333333333333,0.9491525423728815
C,1.0,0.9545454545454546,0.9767441860465117
D,0.9166666666666666,0.8461538461538461,0.8799999999999999
E,0.8888888888888888,0.96,0.923076923076923
F,0.9259259259259259,0.8928571428571429,0.9090909090909091
G,0.8108108108108109,0.9375,0.8695652173913043
