,precision,recall,f1_score
A,1.0,0.8695652173913043,0.9302325581395349
B,1.0,0.9565217391304348,0.9777777777777777
C,0.9705882352941176,0.9428571428571428,0.9565217391304348
D,0.9696969696969697,1.0,0.9846153846153847
E,0.8928571428571429,0.9615384615384616,0.9259259259259259
F,0.96,1.0,0.9795918367346939
G,0.9705882352941176,1.0,0.9850746268656716
