,precision,recall,f1_score
A,0.7142857142857143,0.8333333333333334,0.7692307692307692
B,0.9230769230769231,0.972972972972973,0.9473684210526315
C,0.8888888888888888,0.96,0.923076923076923
D,0.9117647058823529,0.9393939393939394,0.9253731343283583
E,0.9090909090909091,0.7692307692307693,0.8333333333333333
F,0.9642857142857143,0.9310344827586207,0.9473684210526316
G,1.0,0.8181818181818182,0.9
