,precision,recall,f1_score
A,0.9642857142857143,0.9,0.9310344827586207
B,1.0,0.9655172413793104,0.9824561403508771
C,1.0,1.0,1.0
D,1.0,0.9259259259259259,0.9615384615384615
E,0.875,1.0,0.9333333333333333
F,0.9642857142857143,1.0,0.9818181818181818
G,0.9583333333333334,0.9583333333333334,0.9583333333333334
