,precision,recall,f1_score
A,0.8529411764705882,0.9666666666666667,0.90625
B,1.0,0.9655172413793104,0.9824561403508771
C,0.9354838709677419,0.9354838709677419,0.9354838709677419
D,1.0,0.9629629629629629,0.9811320754716981
E,0.96,0.8571428571428571,0.9056603773584904
F,0.9629629629629629,0.9629629629629629,0.9629629629629629
G,0.92,0.9583333333333334,0.9387755102040817
