,precision,recall,f1_score
A,0.8378378378378378,0.96875,0.8985507246376812
B,0.9130434782608695,0.9130434782608695,0.9130434782608695
C,1.0,0.9615384615384616,0.9803921568627451
D,0.9615384615384616,0.9615384615384616,0.9615384615384616
E,0.9583333333333334,0.8518518518518519,0.9019607843137256
F,0.9743589743589743,0.95,0.9620253164556962
G,0.9090909090909091,0.9090909090909091,0.9090909090909091
