,precision,recall,f1_score
A,0.8571428571428571,0.9375,0.8955223880597014
B,0.9565217391304348,0.9565217391304348,0.9565217391304348
C,1.0,0.8846153846153846,0.9387755102040816
D,0.9615384615384616,0.9615384615384616,0.9615384615384616
E,0.9130434782608695,0.7777777777777778,0.84
F,0.9302325581395349,1.0,0.963855421686747
G,0.9565217391304348,1.0,0.9777777777777777
