,precision,recall,f1_score
A,0.9333333333333333,1.0,0.9655172413793104
B,1.0,0.9393939393939394,0.96875
C,0.967741935483871,0.9090909090909091,0.9374999999999999
D,0.9130434782608695,0.9130434782608695,0.9130434782608695
E,0.92,0.9583333333333334,0.9387755102040817
F,0.9285714285714286,1.0,0.962962962962963
G,0.9642857142857143,0.9310344827586207,0.9473684210526316
