,precision,recall,f1_score
A,0.8378378378378378,0.9393939393939394,0.8857142857142858
B,1.0,0.8333333333333334,0.9090909090909091
C,1.0,0.8823529411764706,0.9375
D,1.0,0.84,0.9130434782608696
E,0.8518518518518519,0.92,0.8846153846153846
F,0.8,1.0,0.888888888888889
G,0.9354838709677419,0.9354838709677419,0.9354838709677419
