,precision,recall,f1_score
A,0.9047619047619048,0.8260869565217391,0.8636363636363636
B,0.9565217391304348,0.9565217391304348,0.9565217391304348
C,0.9354838709677419,0.8285714285714286,0.8787878787878788
D,0.8823529411764706,0.9375,0.9090909090909091
E,0.8518518518518519,0.8846153846153846,0.8679245283018868
F,0.9230769230769231,1.0,0.9600000000000001
G,0.9117647058823529,0.9393939393939394,0.9253731343283583
