,precision,recall,f1_score
A,1.0,0.9130434782608695,0.9545454545454545
B,1.0,0.9565217391304348,0.9777777777777777
C,0.9166666666666666,0.9428571428571428,0.9295774647887323
D,1.0,0.875,0.9333333333333333
E,0.8620689655172413,0.9615384615384616,0.9090909090909091
F,0.96,1.0,0.9795918367346939
G,0.9142857142857143,0.9696969696969697,0.9411764705882354
