,precision,recall,f1_score
A,0.9826086956521739,1.0,0.9912280701754386
B,1.0,1.0,1.0
C,1.0,1.0,1.0
D,1.0,1.0,1.0
E,1.0,0.9818181818181818,0.9908256880733944
F,1.0,1.0,1.0
G,1.0,1.0,1.0
