,precision,recall,f1_score
A,0.9655172413793104,1.0,0.9824561403508771
B,0.9705882352941176,1.0,0.9850746268656716
C,0.9428571428571428,1.0,0.9705882352941176
D,0.9545454545454546,0.9130434782608695,0.9333333333333332
E,1.0,0.9583333333333334,0.9787234042553191
F,1.0,1.0,1.0
G,1.0,0.9310344827586207,0.9642857142857143
