,precision,recall,f1_score
A,0.9523809523809523,0.8695652173913043,0.909090909090909
B,1.0,0.9565217391304348,0.9777777777777777
C,0.9444444444444444,0.9714285714285714,0.9577464788732395
D,0.96875,0.96875,0.96875
E,0.9259259259259259,0.9615384615384616,0.9433962264150944
F,0.9230769230769231,1.0,0.9600000000000001
G,1.0,0.9696969696969697,0.9846153846153847
