,precision,recall,f1_score
A,0.7333333333333333,0.9565217391304348,0.8301886792452831
B,0.9615384615384616,0.8620689655172413,0.9090909090909091
C,0.9473684210526315,1.0,0.972972972972973
D,0.9230769230769231,0.96,0.9411764705882353
E,1.0,0.7666666666666667,0.8679245283018869
F,0.9090909090909091,0.9090909090909091,0.9090909090909091
G,0.967741935483871,0.967741935483871,0.967741935483871
