,precision,recall,f1_score
A,0.8636363636363636,0.8636363636363636,0.8636363636363636
B,0.9428571428571428,1.0,0.9705882352941176
C,1.0,0.9583333333333334,0.9787234042553191
D,0.9130434782608695,0.9130434782608695,0.9130434782608695
E,0.967741935483871,0.967741935483871,0.967741935483871
F,0.9642857142857143,0.9642857142857143,0.9642857142857143
G,1.0,0.9714285714285714,0.9855072463768115
