,precision,recall,f1_score
A,0.9130434782608695,0.9545454545454546,0.9333333333333332
B,1.0,0.9393939393939394,0.96875
C,1.0,0.9583333333333334,0.9787234042553191
D,0.9545454545454546,0.9130434782608695,0.9333333333333332
E,0.96875,1.0,0.9841269841269841
F,0.84375,0.9642857142857143,0.8999999999999999
G,0.9696969696969697,0.9142857142857143,0.9411764705882354
