,precision,recall,f1_score
A,0.9629629629629629,0.8666666666666667,0.912280701754386
B,1.0,1.0,1.0
C,1.0,0.967741935483871,0.9836065573770492
D,0.9285714285714286,0.9629629629629629,0.9454545454545454
E,0.9032258064516129,1.0,0.9491525423728813
F,0.9642857142857143,1.0,0.9818181818181818
G,1.0,0.9583333333333334,0.9787234042553191
