,precision,recall,f1_score
A,0.7419354838709677,0.92,0.8214285714285714
B,0.9722222222222222,0.875,0.9210526315789473
C,0.9142857142857143,0.9696969696969697,0.9411764705882354
D,0.8181818181818182,0.9,0.8571428571428572
E,0.9166666666666666,1.0,0.9565217391304348
F,1.0,0.7272727272727273,0.8421052631578948
G,0.9583333333333334,1.0,0.9787234042553191
