,precision,recall,f1_score
A,0.88,0.9565217391304348,0.9166666666666666
B,0.9583333333333334,1.0,0.9787234042553191
C,0.9722222222222222,1.0,0.9859154929577464
D,0.96875,0.96875,0.96875
E,1.0,0.8846153846153846,0.9387755102040816
F,1.0,1.0,1.0
G,1.0,0.9696969696969697,0.9846153846153847
