,precision,recall,f1_score
A,0.8055555555555556,0.8787878787878788,0.8405797101449276
B,0.9310344827586207,0.9,0.9152542372881356
C,0.9130434782608695,0.9545454545454546,0.9333333333333332
D,0.8518518518518519,0.8846153846153846,0.8679245283018868
E,0.95,0.76,0.8444444444444444
F,0.9230769230769231,0.8571428571428571,0.888888888888889
G,0.8857142857142857,0.96875,0.9253731343283582
