,precision,recall,f1_score
A,0.875,0.9130434782608695,0.8936170212765957
B,1.0,0.9565217391304348,0.9777777777777777
C,0.96875,0.8857142857142857,0.9253731343283582
D,1.0,0.96875,0.9841269841269841
E,0.8214285714285714,0.8846153846153846,0.8518518518518519
F,0.96,1.0,0.9795918367346939
G,0.9411764705882353,0.9696969696969697,0.955223880597015
