,precision,recall,f1_score
A,0.9354838709677419,0.9666666666666667,0.9508196721311476
B,1.0,0.9655172413793104,0.9824561403508771
C,1.0,1.0,1.0
D,1.0,0.9629629629629629,0.9811320754716981
E,0.9629629629629629,0.9285714285714286,0.9454545454545454
F,0.9310344827586207,1.0,0.9642857142857143
G,0.9583333333333334,0.9583333333333334,0.9583333333333334
