,precision,recall,f1_score
A,0.9473684210526315,0.782608695652174,0.8571428571428571
B,0.9565217391304348,1.0,0.9777777777777777
C,1.0,0.9655172413793104,0.9824561403508771
D,0.8484848484848485,1.0,0.9180327868852458
E,0.8620689655172413,0.9259259259259259,0.8928571428571429
F,1.0,1.0,1.0
G,0.967741935483871,0.8823529411764706,0.923076923076923
