,precision,recall,f1_score
A,0.95,0.8260869565217391,0.8837209302325583
B,1.0,1.0,1.0
C,0.972972972972973,0.972972972972973,0.972972972972973
D,0.9428571428571428,1.0,0.9705882352941176
E,0.92,0.92,0.92
F,1.0,1.0,1.0
G,0.9259259259259259,0.9615384615384616,0.9433962264150944
