,precision,recall,f1_score
A,0.9545454545454546,0.9130434782608695,0.9333333333333332
B,1.0,0.9565217391304348,0.9777777777777777
C,0.9444444444444444,0.9714285714285714,0.9577464788732395
D,1.0,0.96875,0.9841269841269841
E,0.9615384615384616,0.9615384615384616,0.9615384615384616
F,0.9230769230769231,1.0,0.9600000000000001
G,0.9696969696969697,0.9696969696969697,0.9696969696969697
