,precision,recall,f1_score
A,1.0,1.0,1.0
B,0.9814814814814815,1.0,0.9906542056074767
C,0.9924812030075187,1.0,0.9962264150943396
D,1.0,0.9586776859504132,0.9789029535864979
E,0.9910714285714286,1.0,0.9955156950672646
F,1.0,1.0,1.0
G,0.9910714285714286,1.0,0.9955156950672646
