,precision,recall,f1_score
A,0.9583333333333334,1.0,0.9787234042553191
B,0.8333333333333334,0.9090909090909091,0.8695652173913043
C,1.0,0.9310344827586207,0.9642857142857143
D,0.9642857142857143,0.9642857142857143,0.9642857142857143
E,1.0,0.9629629629629629,0.9811320754716981
F,0.96875,0.9393939393939394,0.9538461538461539
G,0.8857142857142857,0.9117647058823529,0.8985507246376812
