,precision,recall,f1_score
A,0.8888888888888888,0.9230769230769231,0.9056603773584906
B,0.8846153846153846,0.92,0.9019607843137256
C,0.9666666666666667,1.0,0.983050847457627
D,0.967741935483871,0.9090909090909091,0.9374999999999999
E,1.0,0.9166666666666666,0.9565217391304348
F,0.8076923076923077,0.9545454545454546,0.875
G,0.9705882352941176,0.8918918918918919,0.9295774647887325
