,precision,recall,f1_score
A,0.8620689655172413,0.8928571428571429,0.8771929824561403
B,1.0,0.8666666666666667,0.9285714285714286
C,0.9473684210526315,0.9,0.9230769230769231
D,0.9032258064516129,0.9655172413793104,0.9333333333333333
E,0.8928571428571429,0.78125,0.8333333333333334
F,0.8421052631578947,0.9696969696969697,0.9014084507042254
G,0.92,0.9583333333333334,0.9387755102040817
