,precision,recall,f1_score
A,0.9714285714285714,0.8717948717948718,0.9189189189189189
B,0.96,1.0,0.9795918367346939
C,0.8928571428571429,0.9615384615384616,0.9259259259259259
D,0.9444444444444444,1.0,0.9714285714285714
E,0.8709677419354839,0.9,0.8852459016393444
F,0.9583333333333334,1.0,0.9787234042553191
G,1.0,0.85,0.9189189189189189
