,precision,recall,f1_score
A,0.9,0.9,0.9
B,0.9259259259259259,0.8620689655172413,0.8928571428571429
C,0.9722222222222222,0.9722222222222222,0.9722222222222222
D,0.9047619047619048,0.9047619047619048,0.9047619047619048
E,0.8333333333333334,0.9090909090909091,0.8695652173913043
F,0.9032258064516129,0.9333333333333333,0.9180327868852459
G,0.92,0.8518518518518519,0.8846153846153846
