,precision,recall,f1_score
A,0.5333333333333333,0.4,0.4571428571428572
B,0.7037037037037037,0.6551724137931034,0.6785714285714286
C,0.88,0.6111111111111112,0.7213114754098361
D,0.5757575757575758,0.9047619047619048,0.7037037037037038
E,0.4864864864864865,0.5454545454545454,0.5142857142857143
F,0.6296296296296297,0.5666666666666667,0.5964912280701755
G,0.53125,0.6296296296296297,0.5762711864406779
