,precision,recall,f1_score
A,0.5217391304347826,0.5217391304347826,0.5217391304347826
B,0.78125,0.7142857142857143,0.7462686567164178
C,0.7241379310344828,0.7777777777777778,0.75
D,0.7352941176470589,0.7575757575757576,0.746268656716418
E,0.5769230769230769,0.6521739130434783,0.6122448979591837
F,0.7741935483870968,0.7272727272727273,0.7500000000000001
G,0.7619047619047619,0.7272727272727273,0.7441860465116279
