,precision,recall,f1_score
A,0.6,0.782608695652174,0.6792452830188679
B,0.8260869565217391,0.6551724137931034,0.7307692307692308
C,0.8372093023255814,1.0,0.9113924050632911
D,0.6774193548387096,0.84,0.75
E,0.8636363636363636,0.6333333333333333,0.7307692307692307
F,0.7619047619047619,0.7272727272727273,0.7441860465116279
G,0.8461538461538461,0.7096774193548387,0.7719298245614036
