,precision,recall,f1_score
A,0.5185185185185185,0.5,0.509090909090909
B,0.7741935483870968,0.8,0.7868852459016393
C,0.6666666666666666,0.7,0.6829268292682926
D,0.625,0.6896551724137931,0.6557377049180328
E,0.6666666666666666,0.625,0.6451612903225806
F,0.8461538461538461,0.6666666666666666,0.7457627118644068
G,0.5172413793103449,0.625,0.5660377358490567
